{"cameraMode":{"drawMode":0,"name":"Shaded","section":"Shading Mode"},"sceneLighting":true,"audioPlay":false,"sceneViewState":{"m_AlwaysRefresh":false,"showFog":true,"showSkybox":true,"showFlares":true,"showImageEffects":true,"showParticleSystems":true,"showVisualEffectGraphs":true,"m_FxEnabled":true},"in2DMode":false,"pivot":{"x":1.116404414176941,"y":3.9368433952331545,"z":-1.0788766145706177},"rotation":{"x":0.25066936016082766,"y":-0.030488252639770509,"z":0.007898706011474133,"w":0.9675609469413757},"size":20.50838851928711,"orthographic":true}