{"cameraMode":{"drawMode":0,"name":"Shaded","section":"Shading Mode"},"sceneLighting":true,"audioPlay":false,"sceneViewState":{"m_AlwaysRefresh":false,"showFog":true,"showSkybox":true,"showFlares":true,"showImageEffects":true,"showParticleSystems":true,"showVisualEffectGraphs":true,"m_FxEnabled":true},"in2DMode":false,"pivot":{"x":-2.98929500579834,"y":11.980198860168457,"z":-0.022607088088989259},"rotation":{"x":0.10958821326494217,"y":0.004468320868909359,"z":-0.0004926719120703638,"w":0.993968665599823},"size":8.988170623779297,"orthographic":true}