{"cameraMode":{"drawMode":0,"name":"Shaded","section":"Shading Mode"},"sceneLighting":true,"audioPlay":false,"sceneViewState":{"m_AlwaysRefresh":false,"showFog":true,"showSkybox":true,"showFlares":true,"showImageEffects":true,"showParticleSystems":true,"showVisualEffectGraphs":true,"m_FxEnabled":true},"in2DMode":false,"pivot":{"x":0.3640871047973633,"y":6.317111968994141,"z":0.000906825065612793},"rotation":{"x":0.0014978345716372133,"y":0.05247598886489868,"z":-0.00007821113104000688,"w":0.9986246228218079},"size":1.6658565998077393,"orthographic":true}