{"cameraMode":{"drawMode":0,"name":"Shaded","section":"Shading Mode"},"sceneLighting":false,"audioPlay":false,"sceneViewState":{"m_AlwaysRefresh":false,"showFog":true,"showSkybox":false,"showFlares":true,"showImageEffects":true,"showParticleSystems":true,"showVisualEffectGraphs":true,"m_FxEnabled":true},"in2DMode":false,"pivot":{"x":-0.06151813268661499,"y":-1.0083632469177247,"z":-0.21101164817810059},"rotation":{"x":0.11472612619400025,"y":-0.7981182336807251,"z":0.5691821575164795,"w":0.16087181866168977},"size":0.9317241907119751,"orthographic":false}