{"cameraMode":{"drawMode":0,"name":"Shaded","section":"Shading Mode"},"sceneLighting":true,"audioPlay":false,"sceneViewState":{"m_AlwaysRefresh":false,"showFog":true,"showSkybox":true,"showFlares":true,"showImageEffects":true,"showParticleSystems":true,"showVisualEffectGraphs":true,"m_FxEnabled":true},"in2DMode":false,"pivot":{"x":-0.15762841701507569,"y":1.6508135795593262,"z":-2.2607574462890627},"rotation":{"x":0.26759636402130129,"y":0.005782003980129957,"z":-0.001602468197233975,"w":0.9635311365127564},"size":2.066025495529175,"orthographic":false}